T,current_km,best_km
105894.118362,732197.966481,732177.736605
105260.654992,2696939.37386,732177.736605
104630.981029,2741810.01269,732177.736605
104005.073803,2789038.29152,732177.736605
103382.910782,2774952.16568,732177.736605
102764.469569,2787780.65963,732177.736605
102149.727899,2790094.75569,732177.736605
101538.663641,2805622.14538,732177.736605
100931.254797,2734534.66315,732177.736605
100327.479499,2732990.53397,732177.736605
99727.3160131,2815275.56638,732177.736605
99130.7427317,2862828.72693,732177.736605
98537.7381785,2762632.33224,732177.736605
97948.2810052,2836185.95539,732177.736605
97362.3499911,2867385.24188,732177.736605
96779.9240426,2792767.60452,732177.736605
96200.9821923,2870039.23027,732177.736605
95625.5035982,2758711.55792,732177.736605
95053.4675428,2770941.48121,732177.736605
94484.8534328,2823540.72024,732177.736605
93919.6407979,2680511.59287,732177.736605
93357.8092904,2752771.87628,732177.736605
92799.3386842,2809521.3745,732177.736605
92244.2088742,2774497.58775,732177.736605
91692.3998757,2762396.39788,732177.736605
91143.8918234,2741847.54331,732177.736605
90598.6649709,2779767.01677,732177.736605
90056.6996898,2817716.08195,732177.736605
89517.9764694,2800238.11666,732177.736605
88982.4759155,2821254.22827,732177.736605
88450.17875,2810363.49116,732177.736605
87921.06581,2788993.4596,732177.736605
87395.1180473,2746578.61191,732177.736605
86872.3165278,2822319.95456,732177.736605
86352.6424305,2764343.052,732177.736605
85836.0770469,2790643.83469,732177.736605
85322.6017806,2788531.99073,732177.736605
84812.1981465,2836101.59004,732177.736605
84304.8477697,2809520.04842,732177.736605
83800.5323857,2748240.19699,732177.736605
83299.233839,2750554.5301,732177.736605
82800.9340827,2778600.57846,732177.736605
82305.6151779,2731100.25439,732177.736605
81813.259293,2820489.07598,732177.736605
81323.8487032,2826590.6227,732177.736605
80837.3657894,2833234.4401,732177.736605
80353.7930383,2805150.22783,732177.736605
79873.1130411,2826124.21165,732177.736605
79395.3084932,2756203.90029,732177.736605
78920.3621936,2785668.16217,732177.736605
78448.257044,2834511.17637,732177.736605
77978.9760487,2748267.15677,732177.736605
77512.5023133,2805685.51245,732177.736605
77048.8190447,2743454.0625,732177.736605
76587.9095503,2779088.78628,732177.736605
76129.7572372,2781379.44359,732177.736605
75674.3456118,2721845.10819,732177.736605
75221.6582791,2818494.27318,732177.736605
74771.6789424,2796510.13429,732177.736605
74324.3914024,2760510.96977,732177.736605
73879.7795564,2792379.52221,732177.736605
73437.8273985,2742342.75786,732177.736605
72998.5190182,2773459.05294,732177.736605
72561.8386004,2836716.09498,732177.736605
72127.7704244,2812588.36771,732177.736605
71696.2988637,2784145.53907,732177.736605
71267.4083853,2771918.82737,732177.736605
70841.083549,2752096.3345,732177.736605
70417.309007,2798468.98971,732177.736605
69996.0695033,2716620.83764,732177.736605
69577.3498733,2775856.60944,732177.736605
69161.1350429,2756427.9722,732177.736605
68747.4100283,2851786.17835,732177.736605
68336.1599352,2822199.24204,732177.736605
67927.3699588,2718159.35929,732177.736605
67521.0253822,2749306.00869,732177.736605
67117.1115772,2779695.89413,732177.736605
66715.6140028,2735316.38634,732177.736605
66316.5182048,2798748.66087,732177.736605
65919.8098158,2805838.36556,732177.736605
65525.4745542,2783274.54752,732177.736605
65133.4982238,2705986.76871,732177.736605
64743.8667135,2776338.69207,732177.736605
64356.5659963,2793956.27598,732177.736605
63971.5821294,2772687.57754,732177.736605
63588.9012533,2829601.66502,732177.736605
63208.5095913,2798378.25088,732177.736605
62830.3934494,2762281.28352,732177.736605
62454.5392152,2771971.85862,732177.736605
62080.9333579,2727791.69287,732177.736605
61709.5624276,2851436.76576,732177.736605
61340.4130548,2761076.3294,732177.736605
60973.4719502,2702578.29937,732177.736605
60608.7259038,2795953.47192,732177.736605
60246.1617846,2778220.4579,732177.736605
59885.7665402,2745247.58436,732177.736605
59527.5271964,2726468.70646,732177.736605
59171.4308564,2791267.58768,732177.736605
58817.4647006,2794294.52095,732177.736605
58465.6159864,2779233.91356,732177.736605
58115.8720469,2842253.25278,732177.736605
57768.2202913,2794231.17392,732177.736605
57422.6482042,2815895.28023,732177.736605
57079.1433448,2763424.94276,732177.736605
56737.6933469,2758606.43813,732177.736605
56398.2859183,2743449.26324,732177.736605
56060.90884,2840561.10487,732177.736605
55725.5499667,2718657.50443,732177.736605
55392.1972251,2810171.32562,732177.736605
55060.8386146,2798126.42596,732177.736605
54731.4622063,2793681.40752,732177.736605
54404.0561423,2831661.27364,732177.736605
54078.6086362,2794773.31375,732177.736605
53755.1079716,2765918.30757,732177.736605
53433.5425025,2794076.42884,732177.736605
53113.9006525,2815835.66291,732177.736605
52796.1709144,2765105.73837,732177.736605
52480.3418499,2736338.20757,732177.736605
52166.402089,2748155.53719,732177.736605
51854.3403298,2745777.58628,732177.736605
51544.1453381,2759440.98344,732177.736605
51235.8059468,2798343.97099,732177.736605
50929.3110555,2784425.06338,732177.736605
50624.6496304,2773528.29711,732177.736605
50321.8107037,2804599.24106,732177.736605
50020.783373,2742534.60353,732177.736605
49721.5568013,2813928.67435,732177.736605
49424.1202164,2889616.08101,732177.736605
49128.4629105,2743059.23604,732177.736605
48834.5742399,2798477.19824,732177.736605
48542.4436245,2819991.76266,732177.736605
48252.0605476,2777520.99255,732177.736605
47963.4145553,2850684.4327,732177.736605
47676.4952562,2790987.47924,732177.736605
47391.2923213,2741577.67077,732177.736605
47107.7954831,2750303.59555,732177.736605
46825.9945358,2785794.56611,732177.736605
46545.8793343,2794962.71328,732177.736605
46267.4397946,2777330.04169,732177.736605
45990.6658927,2834787.49483,732177.736605
45715.5476647,2765386.28172,732177.736605
45442.0752063,2746611.00302,732177.736605
45170.2386724,2754801.56166,732177.736605
44900.0282769,2802462.07318,732177.736605
44631.4342921,2776053.3671,732177.736605
44364.4470485,2943171.161,732177.736605
44099.0569347,2756733.93688,732177.736605
43835.2543964,2739347.29836,732177.736605
43573.0299367,2742226.37981,732177.736605
43312.3741156,2713197.81414,732177.736605
43053.2775492,2704997.37617,732177.736605
42795.7309102,2744019.47565,732177.736605
42539.7249267,2764924.18443,732177.736605
42285.2503825,2804089.0689,732177.736605
42032.2981164,2813737.59212,732177.736605
41780.8590221,2778761.48596,732177.736605
41530.9240478,2822150.6958,732177.736605
41282.4841958,2802968.94134,732177.736605
41035.530522,2756200.28657,732177.736605
40790.0541363,2769867.10789,732177.736605
40546.0462013,2753521.05413,732177.736605
40303.4979327,2800576.49485,732177.736605
40062.4005988,2739172.3091,732177.736605
39822.7455199,2761641.19189,732177.736605
39584.5240685,2751999.91906,732177.736605
39347.7276684,2794503.53441,732177.736605
39112.3477951,2798868.00621,732177.736605
38878.3759748,2833071.99806,732177.736605
38645.8037844,2724326.92569,732177.736605
38414.6228512,2760197.55761,732177.736605
38184.8248528,2769246.09588,732177.736605
37956.4015163,2749114.58281,732177.736605
37729.3446185,2756182.04408,732177.736605
37503.6459853,2782711.54011,732177.736605
37279.2974914,2867951.49329,732177.736605
37056.2910602,2765233.43321,732177.736605
36834.6186636,2818305.11923,732177.736605
36614.2723211,2711582.05204,732177.736605
36395.2441004,2785669.35607,732177.736605
36177.5261163,2807639.9308,732177.736605
35961.110531,2731783.05007,732177.736605
35745.9895534,2688835.96067,732177.736605
35532.1554392,2806591.1163,732177.736605
35319.6004903,2805296.25717,732177.736605
35108.3170546,2763993.73462,732177.736605
34898.2975259,2751302.578,732177.736605
34689.5343434,2810597.76335,732177.736605
34482.0199917,2819629.37248,732177.736605
34275.7470001,2724094.59491,732177.736605
34070.7079428,2773284.9515,732177.736605
33866.8954384,2742379.89917,732177.736605
33664.3021495,2751855.69262,732177.736605
33462.9207828,2755263.47717,732177.736605
33262.7440885,2781073.96459,732177.736605
33063.7648601,2798886.14683,732177.736605
32865.9759344,2738248.44881,732177.736605
32669.3701909,2790351.36951,732177.736605
32473.9405518,2793785.02771,732177.736605
32279.6799816,2774221.37397,732177.736605
32086.5814869,2761987.71877,732177.736605
31894.638116,2743138.71143,732177.736605
31703.842959,2788535.01624,732177.736605
31514.1891471,2789800.63655,732177.736605
31325.6698529,2687437.30603,732177.736605
31138.2782896,2716294.21782,732177.736605
30952.007711,2733996.6493,732177.736605
30766.8514113,2748608.39292,732177.736605
30582.802725,2790678.73664,732177.736605
30399.8550262,2766885.50854,732177.736605
30218.0017287,2761976.93413,732177.736605
30037.2362858,2734360.89514,732177.736605
29857.5521899,2754384.24095,732177.736605
29678.9429723,2727432.59196,732177.736605
29501.4022031,2739043.73353,732177.736605
29324.9234908,2778671.04828,732177.736605
29149.500482,2772372.2451,732177.736605
28975.1268615,2760021.91122,732177.736605
28801.7963519,2750039.86548,732177.736605
28629.5027131,2763929.97751,732177.736605
28458.2397426,2765364.51466,732177.736605
28288.0012749,2761086.55557,732177.736605
28118.7811814,2756483.64574,732177.736605
27950.5733701,2773296.94834,732177.736605
27783.3717854,2649511.30547,732177.736605
27617.1704081,2780384.26241,732177.736605
27451.963255,2784920.85555,732177.736605
27287.7443784,2754978.62801,732177.736605
27124.5078665,2758857.90903,732177.736605
26962.2478428,2727246.4085,732177.736605
26800.9584658,2778218.8567,732177.736605
26640.6339291,2742714.29763,732177.736605
26481.268461,2749112.754,732177.736605
26322.8563242,2745478.36677,732177.736605
26165.391816,2825628.98146,732177.736605
26008.8692675,2776949.10997,732177.736605
25853.283044,2752834.53275,732177.736605
25698.6275442,2743870.67792,732177.736605
25544.8972006,2728200.87825,732177.736605
25392.0864787,2793940.7536,732177.736605
25240.1898775,2726128.80885,732177.736605
25089.2019286,2664411.60619,732177.736605
24939.1171963,2670247.20331,732177.736605
24789.9302777,2795678.67739,732177.736605
24641.6358019,2794596.08915,732177.736605
24494.2284303,2794230.24869,732177.736605
24347.7028563,2795465.28829,732177.736605
24202.0538047,2722162.14132,732177.736605
24057.2760324,2772963.56806,732177.736605
23913.3643272,2717213.61313,732177.736605
23770.3135083,2762770.63193,732177.736605
23628.1184258,2805715.84471,732177.736605
23486.7739606,2781513.37538,732177.736605
23346.2750244,2724603.72382,732177.736605
23206.6165591,2714042.36992,732177.736605
23067.7935371,2743329.30524,732177.736605
22929.8009606,2818145.21305,732177.736605
22792.6338619,2756984.59804,732177.736605
22656.2873029,2775739.4689,732177.736605
22520.7563752,2767312.13708,732177.736605
22386.0361995,2716263.52244,732177.736605
22252.121926,2751845.25431,732177.736605
22119.0087337,2796002.39397,732177.736605
21986.6918305,2766729.10735,732177.736605
21855.1664529,2818532.55662,732177.736605
21724.4278661,2738146.88236,732177.736605
21594.4713633,2782083.09329,732177.736605
21465.2922662,2787378.6222,732177.736605
21336.8859243,2744015.6047,732177.736605
21209.2477148,2704204.46064,732177.736605
21082.3730428,2768984.22758,732177.736605
20956.2573409,2754437.77022,732177.736605
20830.8960687,2685120.05428,732177.736605
20706.2847132,2704338.83707,732177.736605
20582.4187885,2672897.35452,732177.736605
20459.2938354,2732710.53114,732177.736605
20336.9054212,2775644.88099,732177.736605
20215.24914,2728311.39327,732177.736605
20094.3206121,2742643.30713,732177.736605
19974.1154841,2742838.4923,732177.736605
19854.6294286,2739406.26042,732177.736605
19735.8581441,2736641.15035,732177.736605
19617.7973547,2627045.04242,732177.736605
19500.4428102,2753286.5562,732177.736605
19383.7902859,2852673.21463,732177.736605
19267.8355822,2713068.35018,732177.736605
19152.5745248,2746335.6861,732177.736605
19038.0029642,2690250.24011,732177.736605
18924.1167758,2730250.04213,732177.736605
18810.9118597,2750854.5433,732177.736605
18698.3841405,2728553.20222,732177.736605
18586.5295672,2691258.51427,732177.736605
18475.3441129,2734215.64984,732177.736605
18364.823775,2739636.19304,732177.736605
18254.9645747,2674714.94579,732177.736605
18145.7625572,2763537.30046,732177.736605
18037.2137909,2745924.45231,732177.736605
17929.3143683,2774494.00309,732177.736605
17822.0604049,2686759.15232,732177.736605
17715.4480395,2689015.95792,732177.736605
17609.473434,2712902.04814,732177.736605
17504.1327734,2734946.20951,732177.736605
17399.4222653,2652762.03692,732177.736605
17295.3381403,2738620.15119,732177.736605
17191.8766511,2678731.4297,732177.736605
17089.0340732,2740836.88721,732177.736605
16986.8067042,2750246.0952,732177.736605
16885.1908639,2678384.28313,732177.736605
16784.1828941,2754168.15145,732177.736605
16683.7791586,2775350.15981,732177.736605
16583.9760427,2722185.84292,732177.736605
16484.7699535,2747261.985,732177.736605
16386.1573196,2697774.28233,732177.736605
16288.1345909,2701407.77127,732177.736605
16190.6982386,2756999.51394,732177.736605
16093.8447549,2715052.23646,732177.736605
15997.5706531,2663271.06188,732177.736605
15901.8724673,2712085.26211,732177.736605
15806.7467523,2710985.22429,732177.736605
15712.1900836,2667772.74851,732177.736605
15618.1990572,2700655.48979,732177.736605
15524.7702893,2709564.51682,732177.736605
15431.9004165,2660529.28964,732177.736605
15339.5860954,2814154.4627,732177.736605
15247.8240028,2717987.38526,732177.736605
15156.6108351,2716448.05779,732177.736605
15065.9433086,2711462.16667,732177.736605
14975.8181594,2682630.11353,732177.736605
14886.2321429,2729651.81985,732177.736605
14797.1820339,2675276.93164,732177.736605
14708.6646267,2683899.91637,732177.736605
14620.6767346,2727903.71836,732177.736605
14533.2151901,2738142.73892,732177.736605
14446.2768444,2737775.98863,732177.736605
14359.8585677,2625399.33154,732177.736605
14273.9572492,2735283.79596,732177.736605
14188.5697961,2719109.42658,732177.736605
14103.6931346,2745096.96348,732177.736605
14019.3242091,2718475.48893,732177.736605
13935.4599824,2708099.39589,732177.736605
13852.0974352,2683152.82441,732177.736605
13769.2335665,2706738.18607,732177.736605
13686.8653931,2723920.00867,732177.736605
13604.9899499,2722871.39977,732177.736605
13523.6042893,2642919.18839,732177.736605
13442.7054813,2725990.88032,732177.736605
13362.2906136,2687764.19565,732177.736605
13282.3567913,2726892.48444,732177.736605
13202.9011367,2625127.65854,732177.736605
13123.9207894,2685056.93116,732177.736605
13045.4129061,2765932.6267,732177.736605
12967.3746605,2714048.43096,732177.736605
12889.8032431,2707409.18155,732177.736605
12812.6958615,2684945.40555,732177.736605
12736.0497396,2707951.85181,732177.736605
12659.8621183,2688692.65825,732177.736605
12584.1302548,2675632.11386,732177.736605
12508.8514227,2676584.89378,732177.736605
12434.0229119,2727673.95475,732177.736605
12359.6420287,2703939.76972,732177.736605
12285.7060952,2699878.79031,732177.736605
12212.2124498,2671452.03398,732177.736605
12139.1584467,2700651.22433,732177.736605
12066.5414559,2674404.6909,732177.736605
11994.3588633,2675494.62157,732177.736605
11922.6080701,2703260.80804,732177.736605
11851.2864934,2667650.69544,732177.736605
11780.3915655,2701573.9138,732177.736605
11709.9207343,2695470.18275,732177.736605
11639.8714628,2643666.32772,732177.736605
11570.2412292,2698006.0869,732177.736605
11501.0275268,2634581.65948,732177.736605
11432.2278638,2673415.63805,732177.736605
11363.8397635,2707904.03958,732177.736605
11295.8607639,2683940.58732,732177.736605
11228.2884177,2683948.88863,732177.736605
11161.1202923,2605348.54043,732177.736605
11094.3539697,2678773.0428,732177.736605
11027.9870462,2630153.26094,732177.736605
10962.0171326,2732586.87971,732177.736605
10896.441854,2721315.35447,732177.736605
10831.2588497,2702064.6158,732177.736605
10766.465773,2690033.03701,732177.736605
10702.0602914,2664783.83482,732177.736605
10638.0400863,2612754.22503,732177.736605
10574.4028529,2622281.69568,732177.736605
10511.1463004,2657214.78081,732177.736605
10448.2681513,2645213.03875,732177.736605
10385.7661422,2699415.56822,732177.736605
10323.6380229,2679832.49236,732177.736605
10261.8815568,2645437.24995,732177.736605
10200.4945206,2635799.68869,732177.736605
10139.4747045,2629864.18303,732177.736605
10078.8199116,2667336.94162,732177.736605
10018.5279585,2653887.48307,732177.736605
9958.59667446,2670537.22427,732177.736605
9899.02390209,2686588.72521,732177.736605
9839.80749672,2636641.52084,732177.736605
9780.94532654,2695860.32784,732177.736605
9722.43527251,2651793.34805,732177.736605
9664.27522825,2668262.11179,732177.736605
9606.46309998,2694869.9981,732177.736605
9548.99680646,2652323.73367,732177.736605
9491.87427889,2694267.95584,732177.736605
9435.09346084,2641942.74225,732177.736605
9378.6523082,2605855.49904,732177.736605
9322.54878906,2610990.52292,732177.736605
9266.7808837,2680416.7353,732177.736605
9211.34658444,2683931.87608,732177.736605
9156.24389566,2635982.35689,732177.736605
9101.47083363,2641085.97553,732177.736605
9047.02542652,2678363.32182,732177.736605
8992.90571428,2670436.28654,732177.736605
8939.10974858,2624492.93602,732177.736605
8885.63559277,2598703.18762,732177.736605
8832.48132176,2734403.91376,732177.736605
8779.64502198,2598832.98279,732177.736605
8727.12479132,2670103.63952,732177.736605
8674.91873904,2611755.40688,732177.736605
8623.02498571,2650756.08239,732177.736605
8571.44166314,2577871.49086,732177.736605
8520.16691432,2636830.81406,732177.736605
8469.19889335,2601161.571,732177.736605
8418.53576537,2656174.62775,732177.736605
8368.17570649,2648014.40409,732177.736605
8318.11690375,2625564.96606,732177.736605
8268.35755501,2553858.57252,732177.736605
8218.89586893,2677817.88209,732177.736605
8169.73006488,2663896.5384,732177.736605
8120.85837288,2589201.16387,732177.736605
8072.27903353,2598412.5274,732177.736605
8023.99029797,2596055.88042,732177.736605
7975.99042779,2644293.14582,732177.736605
7928.27769499,2618059.74894,732177.736605
7880.8503819,2605955.26068,732177.736605
7833.70678113,2562791.05205,732177.736605
7786.84519549,2565414.20401,732177.736605
7740.26393796,2606526.16142,732177.736605
7693.96133161,2593971.66797,732177.736605
7647.93570952,2625674.55235,732177.736605
7602.18541478,2591755.67644,732177.736605
7556.70880035,2668808.9553,732177.736605
7511.50422907,2567259.42261,732177.736605
7466.57007356,2625711.85123,732177.736605
7421.90471619,2586271.5086,732177.736605
7377.50654899,2631128.94348,732177.736605
7333.37397362,2647615.20636,732177.736605
7289.5054013,2602660.07197,732177.736605
7245.89925275,2591965.75991,732177.736605
7202.55395813,2572636.0106,732177.736605
7159.46795702,2571686.31162,732177.736605
7116.6396983,2516147.4934,732177.736605
7074.06764014,2589331.90804,732177.736605
7031.75024995,2575952.46215,732177.736605
6989.68600428,2455234.79784,732177.736605
6947.87338882,2578143.31742,732177.736605
6906.3108983,2606233.28464,732177.736605
6864.99703647,2577627.09902,732177.736605
6823.93031601,2558300.45832,732177.736605
6783.10925852,2643360.92494,732177.736605
6742.53239443,2614097.74534,732177.736605
6702.19826296,2583196.57001,732177.736605
6662.10541207,2554552.55989,732177.736605
6622.25239842,2555898.74773,732177.736605
6582.63778729,2600496.44349,732177.736605
6543.26015253,2621705.36861,732177.736605
6504.11807656,2558849.9768,732177.736605
6465.21015024,2488552.57141,732177.736605
6426.53497288,2522791.81772,732177.736605
6388.09115218,2576095.19902,732177.736605
6349.87730413,2564204.46666,732177.736605
6311.89205303,2567076.5663,732177.736605
6274.13403142,2624085.96708,732177.736605
6236.60187998,2528437.82548,732177.736605
6199.29424756,2575859.87424,732177.736605
6162.20979107,2557994.03987,732177.736605
6125.34717547,2584392.94496,732177.736605
6088.70507368,2572661.57512,732177.736605
6052.2821666,2593472.85933,732177.736605
6016.07714298,2503318.27155,732177.736605
5980.08869943,2485876.10598,732177.736605
5944.31554037,2602026.1593,732177.736605
5908.75637796,2609694.03006,732177.736605
5873.40993205,2537059.80816,732177.736605
5838.27493016,2575488.15395,732177.736605
5803.35010744,2506682.03183,732177.736605
5768.63420657,2548212.45294,732177.736605
5734.12597778,2571953.27137,732177.736605
5699.82417876,2530915.63361,732177.736605
5665.72757465,2544758.14118,732177.736605
5631.83493795,2504527.66725,732177.736605
5598.14504853,2556343.48341,732177.736605
5564.65669353,2535842.68789,732177.736605
5531.36866738,2507395.98149,732177.736605
5498.2797717,2591724.18898,732177.736605
5465.38881527,2537220.46523,732177.736605
5432.69461403,2528290.83581,732177.736605
5400.19599096,2520110.60937,732177.736605
5367.89177612,2576358.41211,732177.736605
5335.78080654,2567682.5829,732177.736605
5303.86192622,2523898.7806,732177.736605
5272.13398607,2492873.0669,732177.736605
5240.59584389,2554194.20192,732177.736605
5209.24636429,2529317.14242,732177.736605
5178.08441868,2451439.21693,732177.736605
5147.10888524,2504625.04426,732177.736605
5116.31864882,2483010.13061,732177.736605
5085.71260098,2414648.07228,732177.736605
5055.28963989,2535728.18656,732177.736605
5025.04867032,2554543.83927,732177.736605
4994.98860359,2571940.24984,732177.736605
4965.10835753,2426181.46434,732177.736605
4935.40685644,2495280.18067,732177.736605
4905.88303106,2454270.41952,732177.736605
4876.53581853,2488277.02088,732177.736605
4847.36416235,2483037.21341,732177.736605
4818.36701232,2479945.90984,732177.736605
4789.54332455,2401353.97198,732177.736605
4760.89206137,2517106.41252,732177.736605
4732.41219133,2492169.47971,732177.736605
4704.10268915,2513644.17264,732177.736605
4675.96253569,2495950.3633,732177.736605
4647.99071789,2454600.87572,732177.736605
4620.18622875,2455357.14521,732177.736605
4592.54806732,2503695.78256,732177.736605
4565.07523861,2441467.73434,732177.736605
4537.7667536,2432160.64292,732177.736605
4510.62162917,2489165.54978,732177.736605
4483.63888809,2446283.5233,732177.736605
4456.81755898,2467028.41569,732177.736605
4430.15667627,2453295.48615,732177.736605
4403.65528015,2543656.2862,732177.736605
4377.31241658,2456520.06688,732177.736605
4351.12713719,2524863.03733,732177.736605
4325.09849933,2414691.31586,732177.736605
4299.22556594,2478442.73492,732177.736605
4273.5074056,2419838.83156,732177.736605
4247.94309246,2373756.17622,732177.736605
4222.53170618,2424235.70412,732177.736605
4197.27233195,2412838.55216,732177.736605
4172.16406044,2436977.33585,732177.736605
4147.20598773,2477718.6044,732177.736605
4122.39721534,2500830.29212,732177.736605
4097.73685013,2500668.36012,732177.736605
4073.22400434,2449618.88685,732177.736605
4048.85779549,2401715.07321,732177.736605
4024.63734639,2411122.25936,732177.736605
4000.56178511,2421850.47673,732177.736605
3976.63024492,2440187.2544,732177.736605
3952.84186427,2436925.18118,732177.736605
3929.19578679,2412946.6067,732177.736605
3905.6911612,2418505.84019,732177.736605
3882.32714134,2380869.14801,732177.736605
3859.1028861,2320849.52504,732177.736605
3836.01755939,2365899.7962,732177.736605
3813.07033014,2391935.42795,732177.736605
3790.26037225,2431078.50661,732177.736605
3767.58686455,2331810.30383,732177.736605
3745.04899079,2341189.94308,732177.736605
3722.6459396,2367102.54415,732177.736605
3700.37690447,2312968.0145,732177.736605
3678.24108371,2345860.1802,732177.736605
3656.23768043,2373007.637,732177.736605
3634.36590249,2381541.01452,732177.736605
3612.6249625,2345176.2943,732177.736605
3591.0140778,2402684.19577,732177.736605
3569.53247038,2342725.55608,732177.736605
3548.17936689,2383296.17793,732177.736605
3526.95399864,2307475.62727,732177.736605
3505.85560148,2343833.53643,732177.736605
3484.88341589,2386682.58013,732177.736605
3464.03668685,2376961.46404,732177.736605
3443.31466388,2354948.23141,732177.736605
3422.71660099,2328616.32534,732177.736605
3402.24175662,2406868.4956,732177.736605
3381.8893937,2373398.88646,732177.736605
3361.65877953,2351455.41121,732177.736605
3341.5491858,2362605.19342,732177.736605
3321.55988856,2361517.44436,732177.736605
3301.69016819,2323660.35691,732177.736605
3281.93930939,2351008.08064,732177.736605
3262.3066011,2305490.38239,732177.736605
3242.79133656,2300528.15258,732177.736605
3223.39281321,2305535.53931,732177.736605
3204.1103327,2359255.73451,732177.736605
3184.94320085,2339364.11349,732177.736605
3165.89072764,2375512.97121,732177.736605
3146.95222719,2302971.91631,732177.736605
3128.12701769,2303203.96365,732177.736605
3109.41442144,2284230.75358,732177.736605
3090.81376478,2288623.81432,732177.736605
3072.32437809,2254955.338,732177.736605
3053.94559574,2300838.36421,732177.736605
3035.67675608,2312634.98198,732177.736605
3017.51720145,2274280.22382,732177.736605
2999.46627809,2375885.89017,732177.736605
2981.52333616,2296350.93226,732177.736605
2963.68772972,2289732.50153,732177.736605
2945.95881667,2293005.01717,732177.736605
2928.33595878,2279169.21543,732177.736605
2910.81852162,2237389.31224,732177.736605
2893.40587455,2266406.36816,732177.736605
2876.09739071,2233903.0915,732177.736605
2858.89244701,2226694.01083,732177.736605
2841.79042405,2227821.12836,732177.736605
2824.79070616,2180762.80353,732177.736605
2807.89268134,2189343.32678,732177.736605
2791.09574127,2291812.91119,732177.736605
2774.39928125,2255709.58238,732177.736605
2757.8027002,2234212.16145,732177.736605
2741.30540064,2254321.23809,732177.736605
2724.90678867,2262406.34959,732177.736605
2708.60627393,2285073.92901,732177.736605
2692.40326961,2254256.52138,732177.736605
2676.29719238,2251153.8145,732177.736605
2660.28746243,2304601.74708,732177.736605
2644.37350341,2220740.18611,732177.736605
2628.5547424,2292069.03852,732177.736605
2612.83060993,2258535.45019,732177.736605
2597.20053992,2173428.74119,732177.736605
2581.6639697,2196046.71975,732177.736605
2566.22033993,2178974.63368,732177.736605
2550.86909466,2166780.72775,732177.736605
2535.60968122,2152733.81972,732177.736605
2520.44155028,2197473.40547,732177.736605
2505.36415577,2160337.57354,732177.736605
2490.37695492,2160916.32835,732177.736605
2475.47940818,2141378.06963,732177.736605
2460.67097923,2087005.2391,732177.736605
2445.95113497,2114400.55212,732177.736605
2431.31934548,2118257.53907,732177.736605
2416.775084,2115398.87137,732177.736605
2402.31782696,2128174.36172,732177.736605
2387.94705387,2147527.64533,732177.736605
2373.66224739,2112660.75643,732177.736605
2359.46289327,2129507.0257,732177.736605
2345.34848032,2078797.80404,732177.736605
2331.31850042,2148663.89426,732177.736605
2317.3724485,2122230.44838,732177.736605
2303.50982248,2076134.11525,732177.736605
2289.73012331,2074270.8621,732177.736605
2276.03285492,2116532.17667,732177.736605
2262.41752421,2068666.07606,732177.736605
2248.88364101,2139305.79892,732177.736605
2235.43071812,2023927.4804,732177.736605
2222.05827121,2055191.93121,732177.736605
2208.76581887,2094075.35168,732177.736605
2195.55288259,2111289.9305,732177.736605
2182.41898668,2065332.55726,732177.736605
2169.36365833,2070678.67525,732177.736605
2156.38642754,2015878.95905,732177.736605
2143.48682713,1998605.06615,732177.736605
2130.6643927,1946562.25016,732177.736605
2117.91866265,2038737.32617,732177.736605
2105.24917813,2024488.35081,732177.736605
2092.65548304,2048105.44552,732177.736605
2080.137124,2041868.05881,732177.736605
2067.69365034,2100585.03386,732177.736605
2055.3246141,2024969.21074,732177.736605
2043.02956999,1970272.68667,732177.736605
2030.80807539,1973326.1151,732177.736605
2018.65969031,2069828.45615,732177.736605
2006.58397742,2010059.00619,732177.736605
1994.58050199,1999984.44349,732177.736605
1982.64883189,1986954.07204,732177.736605
1970.78853757,2040197.095,732177.736605
1958.99919206,1995564.58545,732177.736605
1947.28037095,1944338.64268,732177.736605
1935.63165236,1914662.77629,732177.736605
1924.05261692,1938279.50377,732177.736605
1912.54284779,1963394.32692,732177.736605
1901.10193061,1983355.29351,732177.736605
1889.72945352,1924176.80625,732177.736605
1878.4250071,1921479.95588,732177.736605
1867.18818438,1917743.60061,732177.736605
1856.01858084,1908968.35662,732177.736605
1844.91579436,1884853.70664,732177.736605
1833.87942526,1889704.39321,732177.736605
1822.90907621,1880534.38899,732177.736605
1812.00435228,1913789.65669,732177.736605
1801.1648609,1915889.48873,732177.736605
1790.39021185,1911289.15716,732177.736605
1779.68001722,2013416.21921,732177.736605
1769.03389147,1934020.03697,732177.736605
1758.45145131,1911824.90804,732177.736605
1747.93231579,1872500.246,732177.736605
1737.47610621,1859933.00055,732177.736605
1727.08244614,1891793.28189,732177.736605
1716.75096142,1870897.26045,732177.736605
1706.4812801,1877845.63457,732177.736605
1696.27303247,1877463.37935,732177.736605
1686.12585104,1837103.37647,732177.736605
1676.03937051,1866274.25336,732177.736605
1666.01322775,1829393.81263,732177.736605
1656.04706183,1831094.97131,732177.736605
1646.14051397,1838359.33307,732177.736605
1636.29322751,1843812.55599,732177.736605
1626.50484797,1833421.62592,732177.736605
1616.77502295,1776137.73303,732177.736605
1607.10340218,1814882.12817,732177.736605
1597.48963748,1788136.411,732177.736605
1587.93338276,1799981.48734,732177.736605
1578.43429398,1745294.90634,732177.736605
1568.99202917,1701094.3158,732177.736605
1559.60624842,1788085.78268,732177.736605
1550.27661382,1773323.37566,732177.736605
1541.00278953,1743870.16686,732177.736605
1531.78444166,1748320.31096,732177.736605
1522.62123836,1724090.34655,732177.736605
1513.51284976,1730564.22348,732177.736605
1504.45894795,1677974.93264,732177.736605
1495.45920698,1677610.85504,732177.736605
1486.51330287,1776120.27363,732177.736605
1477.62091356,1770134.89007,732177.736605
1468.78171893,1715211.93843,732177.736605
1459.99540075,1687120.62159,732177.736605
1451.26164272,1647872.84861,732177.736605
1442.58013042,1716564.9459,732177.736605
1433.95055132,1690454.96762,732177.736605
1425.37259475,1732815.34695,732177.736605
1416.8459519,1759261.90824,732177.736605
1408.37031581,1752943.90234,732177.736605
1399.94538135,1755906.11391,732177.736605
1391.57084524,1723661.56091,732177.736605
1383.24640597,1732697.22629,732177.736605
1374.97176387,1678156.04791,732177.736605
1366.74662105,1638573.97975,732177.736605
1358.57068141,1692478.56519,732177.736605
1350.44365061,1677712.47175,732177.736605
1342.36523606,1676524.99087,732177.736605
1334.33514696,1639772.59025,732177.736605
1326.35309421,1640463.01332,732177.736605
1318.41879046,1596417.20541,732177.736605
1310.53195007,1675475.26324,732177.736605
1302.69228911,1662072.47212,732177.736605
1294.89952535,1597604.78338,732177.736605
1287.15337826,1605125.33988,732177.736605
1279.45356897,1604418.65472,732177.736605
1271.79982028,1614622.97289,732177.736605
1264.19185666,1567411.97953,732177.736605
1256.62940423,1642613.10878,732177.736605
1249.11219072,1601952.93112,732177.736605
1241.63994552,1619278.59203,732177.736605
1234.21239962,1627449.10729,732177.736605
1226.82928564,1583286.96372,732177.736605
1219.49033778,1573229.87477,732177.736605
1212.19529183,1565188.48715,732177.736605
1204.94388518,1566493.32827,732177.736605
1197.73585677,1601945.48959,732177.736605
1190.5709471,1569693.33836,732177.736605
1183.44889825,1564326.91598,732177.736605
1176.36945381,1536596.53517,732177.736605
1169.33235893,1526758.50415,732177.736605
1162.33736026,1522016.9075,732177.736605
1155.38420599,1543580.96236,732177.736605
1148.47264581,1558737.19827,732177.736605
1141.60243088,1562652.78822,732177.736605
1134.77331389,1518238.27995,732177.736605
1127.98504899,1501614.13682,732177.736605
1121.23739178,1490039.79727,732177.736605
1114.53009937,1539644.5179,732177.736605
1107.86293028,1499973.61231,732177.736605
1101.2356445,1507232.03402,732177.736605
1094.64800344,1443853.8741,732177.736605
1088.09976994,1458526.9887,732177.736605
1081.59070827,1432185.54934,732177.736605
1075.1205841,1455069.75105,732177.736605
1068.6891645,1423193.25527,732177.736605
1062.29621794,1426374.46604,732177.736605
1055.94151428,1438318.66284,732177.736605
1049.62482473,1422569.6073,732177.736605
1043.34592191,1454130.83973,732177.736605
1037.10457977,1448313.04368,732177.736605
1030.90057362,1445099.31132,732177.736605
1024.73368011,1434366.21952,732177.736605
1018.60367723,1401614.63976,732177.736605
1012.5103443,1404331.33344,732177.736605
1006.45346197,1400965.19777,732177.736605
1000.43281218,1352189.88203,732177.736605
994.448178185,1343625.12351,732177.736605
988.49934454,1391977.3853,732177.736605
982.586097085,1305227.08169,732177.736605
976.708222942,1349178.17748,732177.736605
970.865510506,1349527.08652,732177.736605
965.057749438,1345877.65751,732177.736605
959.284730657,1359253.89672,732177.736605
953.546246334,1378572.75403,732177.736605
947.842089882,1368786.57907,732177.736605
942.172055949,1379026.76235,732177.736605
936.535940414,1400643.53346,732177.736605
930.933540376,1342205.95307,732177.736605
925.364654145,1333365.82993,732177.736605
919.829081243,1337170.6297,732177.736605
914.326622386,1329976.91981,732177.736605
908.857079484,1302962.78177,732177.736605
903.420255634,1282770.05949,732177.736605
898.015955109,1270743.97119,732177.736605
892.643983351,1288518.67531,732177.736605
887.30414697,1286991.05087,732177.736605
881.99625373,1343211.65396,732177.736605
876.720112545,1311028.94104,732177.736605
871.475533474,1322441.77546,732177.736605
866.26232771,1263004.66954,732177.736605
861.080307578,1261527.94364,732177.736605
855.929286522,1216650.75082,732177.736605
850.809079105,1237575.88613,732177.736605
845.719500999,1265358.47215,732177.736605
840.660368978,1254215.22509,732177.736605
835.631500912,1270761.8751,732177.736605
830.63271576,1257310.75178,732177.736605
825.663833566,1226649.9098,732177.736605
820.724675447,1254035.92498,732177.736605
815.815063595,1254655.69445,732177.736605
810.934821261,1249637.06047,732177.736605
806.083772755,1206680.5813,732177.736605
801.26174344,1206679.27215,732177.736605
796.46855972,1175320.22902,732177.736605
791.704049041,1200806.34001,732177.736605
786.968039878,1181440.70176,732177.736605
782.260361735,1201571.52737,732177.736605
777.580845133,1188690.78019,732177.736605
772.92932161,1183486.68979,732177.736605
768.30562371,1203368.04199,732177.736605
763.709584978,1153270.3336,732177.736605
759.141039956,1183087.65861,732177.736605
754.599824176,1155931.42925,732177.736605
750.085774152,1159629.11509,732177.736605
745.598727378,1186409.49392,732177.736605
741.138522319,1167386.90005,732177.736605
736.704998407,1170193.02098,732177.736605
732.297996034,1161152.7266,732177.736605
727.917356548,1170120.59495,732177.736605
723.562922243,1128159.31325,732177.736605
719.23453636,1135861.36617,732177.736605
714.932043075,1125235.8977,732177.736605
710.655287499,1152777.39572,732177.736605
706.404115666,1163089.00617,732177.736605
702.178374534,1146757.55099,732177.736605
697.977911975,1154085.35599,732177.736605
693.802576772,1137475.90187,732177.736605
689.652218612,1132089.18793,732177.736605
685.52668808,1098547.81965,732177.736605
681.425836657,1103822.52574,732177.736605
677.349516711,1100076.05514,732177.736605
673.297581495,1101293.93526,732177.736605
669.269885136,1081517.38367,732177.736605
665.266282638,1089325.64233,732177.736605
661.28662987,1098262.18725,732177.736605
657.330783564,1107488.19746,732177.736605
653.398601308,1129956.30913,732177.736605
649.489941542,1086943.55025,732177.736605
645.604663555,1108036.47835,732177.736605
641.742627475,1075255.74844,732177.736605
637.903694268,1035119.0736,732177.736605
634.087725732,1032003.22548,732177.736605
630.294584491,1056967.48432,732177.736605
626.524133991,1031978.42713,732177.736605
622.776238496,1046770.5022,732177.736605
619.050763079,1052405.42292,732177.736605
615.347573624,1032026.06068,732177.736605
611.666536814,1021244.57628,732177.736605
608.007520132,1020255.89265,732177.736605
604.370391852,1021951.82687,732177.736605
600.755021036,1011572.88569,732177.736605
597.161277531,1011790.32992,732177.736605
593.589031961,975073.427297,732177.736605
590.038155724,976450.985326,732177.736605
586.508520989,983818.8099,732177.736605
583.000000687,980359.372879,732177.736605
579.51246851,1009577.64558,732177.736605
576.045798908,982392.909561,732177.736605
572.599867079,967380.975378,732177.736605
569.174548969,953091.391172,732177.736605
565.769721265,958061.724146,732177.736605
562.385261394,973124.197395,732177.736605
559.021047514,972203.45994,732177.736605
555.676958512,967200.835275,732177.736605
552.352874001,956632.286452,732177.736605
549.048674312,944666.379415,732177.736605
545.764240494,951017.15691,732177.736605
542.499454307,958157.041489,732177.736605
539.254198217,954223.225652,732177.736605
536.028355395,936368.27252,732177.736605
532.82180971,921619.1134,732177.736605
529.634445725,918042.39523,732177.736605
526.466148694,919756.859666,732177.736605
523.316804558,890884.013439,732177.736605
520.18629994,895014.439755,732177.736605
517.074522142,920863.043751,732177.736605
513.981359138,900692.389598,732177.736605
510.906699574,878744.658763,732177.736605
507.850432761,873719.207714,732177.736605
504.812448674,851702.52105,732177.736605
501.792637944,851978.58243,732177.736605
498.790891857,863890.101569,732177.736605
495.80710235,867409.431343,732177.736605
492.841162006,869673.947306,732177.736605
489.89296405,876345.637148,732177.736605
486.962402347,879064.450131,732177.736605
484.049371395,891840.764028,732177.736605
481.153766325,892575.816895,732177.736605
478.275482895,893789.206656,732177.736605
475.414417486,884268.634589,732177.736605
472.570467098,884048.88432,732177.736605
469.743529349,865675.222015,732177.736605
466.933502469,865385.836308,732177.736605
464.140285295,854461.72071,732177.736605
461.363777272,870954.796137,732177.736605
458.603878445,865724.032965,732177.736605
455.860489456,868694.59245,732177.736605
453.133511544,839804.720371,732177.736605
450.422846536,829836.991572,732177.736605
447.728396847,837495.719462,732177.736605
445.050065478,842470.626226,732177.736605
442.387756007,816194.048265,732177.736605
439.741372591,824193.334799,732177.736605
437.110819959,828011.474034,732177.736605
434.496003411,822570.103021,732177.736605
431.896828813,809879.340391,732177.736605
429.313202594,805197.486357,732177.736605
426.745031744,789359.790648,732177.736605
424.192223806,790666.283225,732177.736605
421.65468688,785805.344662,732177.736605
419.132329615,783403.203688,732177.736605
416.625061203,782688.089624,732177.736605
414.132791384,787107.280021,732177.736605
411.655430434,791996.43341,732177.736605
409.192889169,797099.710021,732177.736605
406.745078937,791522.752912,732177.736605
404.311911615,786112.931235,732177.736605
401.893299609,774864.563907,732177.736605
399.489155849,764632.566204,732177.736605
397.099393785,753195.641287,732177.736605
394.723927384,741671.822664,732177.736605
392.362671131,755296.649701,732177.736605
390.015540018,751491.914133,732177.736605
387.682449549,739291.099029,732177.736605
385.363315732,746348.904718,732177.736605
383.058055077,754669.782773,732177.736605
380.766584596,763412.67012,732177.736605
378.488821793,756390.324469,732177.736605
376.22468467,752005.285225,732177.736605
373.974091717,740978.967964,732177.736605
371.736961912,736143.094658,732177.736605
369.513214717,720731.636968,719407.436899
367.302770079,716934.180452,709807.885743
365.105548419,715917.255347,705765.918121
362.921470638,712945.818379,705765.918121
360.750458108,703232.924324,700185.441063
358.592432673,692232.557458,690869.606644
356.447316643,702986.957684,690869.606644
354.315032793,700999.685889,690869.606644
352.195504361,712956.904551,690869.606644
350.088655043,711113.283249,690869.606644
347.994408992,720783.66941,690869.606644
345.912690815,711753.490229,690869.606644
343.84342557,696744.204122,690869.606644
341.786538762,693223.203883,689573.687567
339.741956344,687370.411594,683398.251346
337.709604709,681324.011152,676570.54449
335.689410693,677863.768226,676570.54449
333.681301569,685732.812468,676570.54449
331.685205043,681780.719441,676570.54449
329.701049257,678105.271472,670688.929941
327.728762779,671286.399567,667876.012706
325.768274607,659621.447249,659098.6266
323.819514164,656605.469995,652131.139789
321.882411294,653613.736112,652131.139789
319.956896259,647557.831317,645831.689599
318.042899742,642387.315756,638151.491622
316.140352838,633271.735323,631541.008936
314.249187055,628986.435942,624474.228952
312.369334311,628753.732294,624474.228952
310.50072693,625556.860916,622674.935864
308.643297643,622550.572468,622470.424791
306.796979581,611745.639083,611067.248714
304.961706276,611477.386514,607652.026666
303.137411659,612130.319226,607652.026666
301.324030054,611639.454992,607652.026666
299.521496179,601388.814456,599776.018982
297.729745142,604044.795093,598474.909534
295.948712441,593876.344696,593876.344696
294.178333958,596222.560193,593542.768049
292.418545958,598173.885562,593542.768049
290.669285088,593413.261856,592953.042378
288.930488376,597734.762326,592061.14846
287.202093224,593274.773596,591932.853769
285.484037409,598366.141252,590963.248751
283.776259081,597137.235469,590963.248751
282.07869676,595169.443371,585127.512804
280.391289333,583933.91078,583766.841878
278.713976053,579790.695775,579335.44815
277.046696536,574036.77386,573914.662193
275.38939076,568634.783957,567937.106515
273.741999062,569325.646114,565382.272275
272.104462135,567650.928613,565382.272275
270.476721027,569801.371808,565382.272275
268.858717139,565895.311708,563891.237603
267.250392224,559960.388243,559929.834067
265.65168838,559301.21478,557667.172944
264.062548054,560207.039289,555509.315163
262.482914037,554378.280764,550968.130943
260.912729462,548297.250069,547721.395379
259.351937802,554295.791596,547721.395379
257.800482867,545592.0798,544871.435598
256.258308805,539472.434386,538847.764753
254.725360098,538000.336821,536027.336777
253.201581559,532653.271072,530540.136859
251.686918331,530995.861848,530540.136859
250.181315887,530382.221017,525033.132101
248.684720024,530364.939304,525033.132101
247.197076865,537573.586739,525033.132101
245.718332854,529525.749074,525033.132101
244.248434756,530454.842997,525033.132101
242.787329654,529789.132816,525033.132101
241.334964949,532783.992951,525033.132101
239.891288355,529175.398074,525033.132101
238.456247898,523260.746064,520053.07432
237.029791919,516816.004096,515205.256763
235.611869063,517112.938755,515205.256763
234.202428285,515295.124565,512898.458893
232.801418845,505552.787477,504071.240599
231.408790306,504436.050409,503945.547577
230.024492534,495477.789879,494970.802031
228.648475694,494254.789445,492938.979445
227.280690247,495820.132709,491984.312321
225.921086955,492906.580176,491984.312321
224.569616871,497878.724259,491984.312321
223.226231341,501198.597815,491984.312321
221.890882004,495830.942309,491984.312321
220.563520787,494803.477204,491984.312321
219.244099904,497409.017161,491984.312321
217.932571856,490854.106415,490854.106415
216.628889428,484830.22551,483659.061908
215.333005686,488864.740645,483550.067692
214.04487398,488334.016142,483550.067692
212.764447935,488121.002745,483550.067692
211.491681456,485740.580604,483550.067692
210.226528723,487183.075496,483550.067692
208.96894419,480762.827802,480642.793007
207.718882585,473068.100996,472634.974915
206.476298905,474266.517199,471577.495751
205.241148415,471315.172548,469924.956087
204.013386652,465569.72901,465023.169218
202.792969414,462890.366291,462682.856324
201.579852767,463249.77781,462040.247548
200.373993039,461424.995858,460116.41833
199.175346817,459294.658812,458714.66435
197.983870951,456760.544769,454522.07258
196.799522547,453827.845246,452980.466785
195.622258969,454873.852352,452980.466785
194.452037833,450052.772669,448808.953895
193.288817014,446300.422717,445886.369963
192.132554633,444887.968115,444029.19432
190.983209066,441974.081945,441203.110622
189.840738936,443916.861812,441203.110622
188.705103113,442563.871329,441203.110622
187.576260715,442175.784092,441203.110622
186.454171103,442844.031956,441203.110622
185.338793881,442687.038126,441203.110622
184.230088896,445819.360105,441203.110622
183.128016233,446999.621012,441203.110622
182.032536219,445412.217781,441203.110622
180.943609416,444152.349099,441203.110622
179.861196621,436219.040467,435081.646876
178.785258869,440095.868476,434877.617633
177.715757424,434074.644419,433566.574261
176.652653785,430339.470267,429910.427371
175.59590968,428222.249236,424781.380883
174.545487065,425617.550083,424781.380883
173.501348126,417834.224773,417834.224773
172.463455272,417452.729941,414411.007538
171.431771141,413420.106382,413382.999912
170.40625859,411306.345069,409483.357707
169.386880701,407108.737986,406589.082409
168.373600777,409042.589565,404799.4322
167.366382338,403555.325834,403555.325834
166.365189125,402116.327163,401694.978193
165.369985096,401342.760284,400118.506855
164.380734421,398777.739146,398562.356131
163.397401488,400253.671723,398410.765866
162.419950897,400048.812247,397207.514681
161.44834746,395534.941307,395534.941307
160.482556197,391242.902378,390059.300894
159.522542342,393104.856298,390059.300894
158.568271332,390033.654144,388511.957326
157.619708815,385850.805357,385778.818236
156.676820641,385268.038896,384305.528394
155.739572866,385974.950303,383696.878053
154.80793175,384585.961738,383505.089236
153.881863752,381078.051851,380771.580042
152.961335535,381463.383119,380549.958079
152.046313959,380824.885303,380330.333527
151.136766083,378933.666457,377685.273209
150.232659164,379042.731484,377685.273209
149.333960652,377989.814999,377685.273209
148.440638196,374416.892017,373999.844705
147.552659634,374907.815189,373054.658807
146.669993,370265.690087,369949.455083
145.792606518,367945.747974,366526.265187
144.920468601,364170.316162,363611.437115
144.053547852,362228.883173,362103.671064
143.191813062,361229.080925,360087.865289
142.335233208,361083.855968,360087.865289
141.483777453,356881.011268,356248.875092
140.637415145,357324.359468,356248.875092
139.796115814,355475.358715,354650.339003
138.959849173,352200.940739,352144.564509
138.128585117,351834.824854,350089.930939
137.30229372,353127.916236,350089.930939
136.480945235,351853.675924,350089.930939
135.664510094,344820.312199,344750.766884
134.852958904,345849.890888,344534.164537
134.04626245,343470.259294,343451.184109
133.244391691,342988.097224,341781.2825
132.447317758,340498.712157,340268.044281
131.655011957,339995.610421,339960.404759
130.867445766,340622.833325,339424.59232
130.08459083,338421.683573,338142.913995
129.306418968,336883.50234,336883.50234
128.532902165,332843.768019,332843.768019
127.764012574,331391.011263,330302.243402
126.999722515,331044.870577,330302.243402
126.240004474,328093.938253,327987.307868
125.4848311,327036.983899,326270.499277
124.734175207,325343.965287,324895.256859
123.988009771,323889.821765,323809.713844
123.246307931,321976.089477,321682.189162
122.509042984,320374.486677,320157.37345
121.776188389,320599.578616,320157.37345
121.047717763,318581.823866,318581.823866
120.323604881,317444.7957,317244.390209
119.603823675,314759.038539,314384.602209
118.888348233,312554.704206,312408.153001
118.177152797,309880.123503,309826.215493
117.470211763,310918.414115,309826.215493
116.767499683,312041.020296,309826.215493
116.068991258,310740.418235,309826.215493
115.374661342,309641.249761,308649.804072
114.684484938,307570.362072,307555.856785
113.998437201,308071.949798,307128.052382
113.316493432,307875.594314,306682.582646
112.638629081,306701.964483,305228.288287
111.964819745,306271.358461,305228.288287
111.295041167,303533.989246,303343.069961
110.629269235,303242.607691,302830.36334
109.96747998,299328.257004,298899.618543
109.309649578,298975.855239,298114.132422
108.655754347,297636.670808,297420.282578
108.005770747,294369.544082,294026.704692
107.359675378,293499.832627,293344.498515
106.71744498,292361.662118,292326.411804
106.079056433,291479.483641,291352.163888
105.444486755,290601.52877,290601.52877
104.813713102,288886.9405,288762.659509
104.186712765,288599.849877,288599.849877
103.563463172,288079.907214,288079.907214
102.943941886,287600.124414,286940.987433
102.328126604,286177.606783,285954.208264
101.715995157,285068.39672,284978.753912
101.107525508,283927.712658,283313.634386
100.502695751,285416.181482,283313.634386
99.9014841137,281534.911469,281534.911469
99.3038689509,279905.655981,279460.102425
98.7098287489,280203.28881,279226.437794
98.119342122,279457.490311,279226.437794
97.5323878127,277012.663016,277012.663016
96.9489446903,275934.475249,275486.177677
96.3689917509,273162.252299,272648.314775
95.7925081161,272890.058839,272648.314775
95.2194730322,272211.267612,272211.267612
94.6498658699,271077.158685,271077.158685
94.0836661232,269364.070522,269364.070522
93.5208534089,269185.137291,268515.257744
92.9614074654,267879.04338,267879.04338
92.4053081527,267860.612642,267680.405046
91.8525354511,266958.046371,266883.04182
91.3030694605,266658.182836,265725.360948
90.7568904002,265050.436388,265050.436388
90.2139786076,262984.964407,262650.207052
89.6743145376,262820.33389,262650.207052
89.1378787624,260898.767033,260675.551834
88.60465197,260761.885879,260523.143409
88.0746149643,259119.135625,259035.527958
87.5477486637,258293.237685,257725.856174
87.024034101,257502.685761,257364.789326
86.5034524223,257124.851898,257124.851898
85.9859848866,256625.004957,256213.536739
85.4716128649,256089.754796,256010.329194
84.9603178397,256084.787898,255742.522379
84.4520814044,255590.698792,255348.462877
83.9468852622,254573.2969,254573.2969
83.444711226,252585.576351,252061.125134
82.9455412174,251751.646957,251734.17524
82.4493572662,251264.866129,250929.084366
81.9561415097,250052.820192,250049.70761
81.465876192,249554.574742,249047.565539
80.9785436635,249363.197309,249047.565539
80.49412638,247665.439763,247661.126601
80.0126069024,246838.410175,246738.223747
79.533967896,245685.407199,245324.732573
79.0581921296,244398.580217,244210.978788
78.5852624751,242644.127478,242574.785115
78.1151619072,242720.578882,241667.500755
77.6478735019,242048.902825,241667.500755
77.1833804368,240218.682995,239998.606037
76.7216659901,240315.994819,239998.606037
76.2627135399,238829.602379,238733.745185
75.8065065639,238311.073839,238079.75715
75.3530286385,238305.959745,237775.423791
74.9022634385,237846.23697,237312.451899
74.4541947361,236456.135536,236453.105447
74.0088064007,235691.705306,235141.191784
73.5660823984,234724.714828,234428.906108
73.126006791,234530.938773,234104.864407
72.6885637356,232158.958843,232105.486554
72.2537374841,232481.145983,232105.486554
71.8215123829,232068.626332,232034.439966
71.3918728716,230529.12692,230509.597765
70.9648034831,230609.295877,230088.831794
70.5402888429,230891.250886,230088.831794
70.1183136684,229689.918783,229689.918783
69.6988627682,227943.842054,227943.842054
69.2819210422,227483.304273,227483.304273
68.8674734803,227876.352931,227142.920221
68.4555051624,227762.866665,227142.920221
68.0460012574,227470.059354,226684.806748
67.6389470231,227247.799888,226684.806748
67.2343278055,226452.243024,226452.243024
66.8321290383,226119.899054,226066.366874
66.4323362422,224788.621719,224585.308014
66.0349350245,224288.83053,224288.83053
65.6399110787,222952.366126,222851.650585
65.2472501839,221865.766246,221865.766246
64.8569382042,221000.221346,220923.726844
64.4689610883,220906.015666,220845.069667
64.0833048689,220352.871275,219992.695788
63.6999556624,219381.85163,219381.85163
63.318899668,218412.54404,218361.955736
62.9401231676,218279.028883,218240.223172
62.5636125253,217244.074252,216810.480105
62.1893541866,217083.978585,216715.579715
61.817334678,216129.346806,216048.447213
61.4475406068,215513.709973,215419.817507
61.0799586604,215450.878652,215193.762904
60.7145756057,215181.515741,214675.28076
60.3513782888,214357.798123,214353.14405
59.9903536346,213603.697013,213603.697013
59.631488646,212747.38801,212642.041901
59.274770404,211640.412778,211459.41907
58.9201860664,211580.000004,211381.690023
58.5677228683,210421.505679,210421.505679
58.2173681209,209717.390949,209717.390949
57.8691092113,209581.421553,209331.888485
57.5229336021,208940.919077,208940.919077
57.178828831,208797.930222,208644.900339
56.83678251,207999.901387,207939.74476
56.4967823255,207692.876934,207692.876934
56.1588160374,207489.643165,206959.660809
55.8228714788,207247.505847,206959.660809
55.4889365556,206993.022394,206797.433296
55.1569992461,206229.128779,206229.128779
54.8270476005,204309.954472,204309.954472
54.4990697404,202817.297601,202743.594842
54.1730538587,201601.145666,201579.073465
53.8489882185,200927.122557,200894.895724
53.5268611536,199532.528254,199532.528254
53.2066610672,199304.485041,199066.689515
52.8883764322,198497.726634,198341.080466
52.5719957901,199102.145057,198341.080466
52.2575077512,198364.932301,198145.879283
51.9449009939,198019.817838,198019.817838
51.6341642642,197861.423644,197799.348321
51.3252863756,197662.855108,197530.305346
51.0182562084,196931.11171,196931.11171
50.7130627094,195463.996184,195443.047748
50.4096948917,195603.770174,195358.945029
50.1081418338,195091.289138,195091.289138
49.8083926799,194804.277544,194572.387581
49.5104366389,194446.290155,194316.137981
49.2142629843,193964.481321,193884.427497
48.9198610538,193850.596039,193627.21456
48.6272202489,193593.744309,193337.288173
48.3363300343,192552.243132,192552.243132
48.0471799382,191663.709072,191508.379184
47.7597595508,190866.989418,190833.631337
47.4740585251,189954.525934,189954.525934
47.1900665758,189327.142268,189149.673504
46.9077734791,189225.074515,188867.67891
46.6271690724,188637.025637,188522.531808
46.3482432538,188490.309555,188213.388821
46.070985982,188564.43518,188213.388821
45.7953872756,188487.585409,188213.388821
45.5214372131,188194.279739,187824.168799
45.2491259321,187981.695875,187824.168799
44.9784436294,187850.831424,187824.168799
44.7093805605,187426.904705,187426.904705
44.4419270388,186916.370491,186857.293985
44.1760734362,186251.009283,186188.854315
43.9118101817,185802.265662,185730.246257
43.6491277619,184955.326988,184866.503136
43.3880167202,184421.068755,184346.504768
43.1284676564,184426.494019,184201.150369
42.8704712267,184664.205373,184201.150369
42.6140181433,184126.446389,184094.750996
42.3590991737,183696.94111,183656.512605
42.1057051409,182313.499557,182313.499557
41.8538269225,182292.856145,182199.270861
41.6034554509,182089.065407,182065.184144
41.3545817128,181793.648007,181704.238167
41.1071967484,180874.439851,180874.439851
40.8612916521,180748.330844,180653.149415
40.6168575711,180700.640482,180473.883212
40.3738857057,180822.510051,180473.883212
40.132367309,180431.47201,180385.573343
39.8922936861,180388.640579,180173.034996
39.6536561944,180246.129906,180106.229655
39.4164462429,179983.220174,179983.220174
39.180655292,179748.937606,179748.937606
38.9462748531,179611.533079,179419.068742
38.7132964886,178874.651637,178761.018233
38.4817118111,179022.922148,178760.313405
38.2515124835,178815.425218,178748.656208
38.0226902186,178699.811949,178675.822281
37.7952367788,178435.75264,178435.75264
37.5691439757,177215.262695,177205.859774
37.3444036698,176821.521084,176786.40897
37.1210077706,176365.931392,176274.71798
36.8989482357,176515.624043,176210.577266
36.6782170709,176173.399419,176091.324765
36.4588063298,174925.275137,174925.275137
36.2407081136,174816.56286,174733.00398
36.0239145707,174549.352278,174526.137222
35.8084178966,174331.252335,174331.252335
35.5942103332,173836.933443,173815.471854
35.3812841691,173132.036596,173113.692204
35.1696317389,173124.358114,173113.692204
34.959245423,172542.913161,172542.913161
34.7501176474,170953.399402,170953.399402
34.5422408837,170375.454937,170375.454937
34.335607648,170064.708205,170064.708205
34.1302105017,170002.077121,169991.644108
33.9260420503,169915.428736,169863.997948
33.7230949437,169507.846059,169507.846059
33.5213618758,169090.717741,169090.717741
33.3208355843,168481.002579,168481.002579
33.1215088499,168195.886618,168183.939736
32.9233744971,167466.011977,167466.011977
32.7264253929,166111.697577,166111.697577
32.530654447,165910.813519,165885.597738
32.3360546117,165342.816961,165342.816961
32.1426188814,165065.390257,165065.390257
31.9503402923,164880.55872,164787.942294
31.7592119224,164671.452209,164655.553982
31.5692268909,163409.575116,163409.575116
31.3803783584,163548.262411,163409.575116
31.1926595263,162782.761311,162782.761311
31.0060636368,162526.256014,162526.256014
30.8205839722,162309.077545,162204.513106
30.6362138552,161999.634026,161999.634026
30.4529466486,161448.396266,161323.593766
30.2707757547,161245.705703,161245.705703
30.0896946152,160633.933759,160633.933759
29.9096967112,160394.073157,160274.239351
29.7307755628,159929.411232,159871.715669
29.5529247287,159908.298614,159832.027357
29.3761378062,159491.116665,159491.116665
29.2004084311,159275.918331,159224.820048
29.025730277,158509.484215,158509.484215
28.8520970555,157902.069699,157902.069699
28.6795025157,157884.084821,157881.253262
28.5079404441,157833.692673,157833.692673
28.3374046646,157303.255973,157257.996157
28.1678890378,157059.716485,157016.817111
27.999387461,157192.822816,157016.817111
27.8318938683,156790.466472,156788.84088
27.6654022297,156554.402171,156529.355099
27.4999065516,156596.154645,156427.620516
27.3354008761,156260.76093,156260.76093
27.1718792809,155782.071635,155618.679207
27.0093358793,155004.821549,155004.821549
26.8477648195,154704.154027,154703.534138
26.6871602851,154564.157042,154528.499393
26.5275164942,154504.881716,154487.466227
26.3688276997,154344.398505,154250.104245
26.2110881886,153492.428932,153492.428932
26.0542922824,153138.12607,153138.12607
25.8984343364,152420.574391,152420.574391
25.7435087395,152250.258102,152247.987754
25.5895099146,151847.031117,151811.958518
25.4364323175,151857.627831,151811.958518
25.2842704375,151741.954195,151711.676471
25.1330187966,151710.942016,151710.942016
24.9826719499,151295.880174,151295.880174
24.8332244848,151387.944432,151250.010242
24.6846710211,151472.16935,151250.010242
24.5370062109,151718.12538,151250.010242
24.3902247382,151682.866224,151250.010242
24.2443213189,151532.951331,151250.010242
24.0992907004,151523.808407,151250.010242
23.9551276616,151482.941306,151250.010242
23.8118270125,151440.967348,151250.010242
23.6693835943,151185.563264,151127.50782
23.5277922791,150733.787716,150685.742853
23.3870479695,150410.921364,150410.921364
23.2471455986,149984.920346,149956.823912
23.10808013,149873.150041,149769.112625
22.9698465573,149686.001428,149647.718419
22.8324399041,149420.637747,149404.878937
22.6958552236,149604.012312,149381.229035
22.5600875987,149678.424439,149381.229035
22.425132142,149137.760186,148976.556842
22.2909839948,148987.41924,148948.380665
22.1576383278,148960.843676,148948.380665
22.0250903406,148589.18938,148589.18938
21.8933352615,148359.315499,148359.315499
21.7623683471,148231.448361,148231.448361
21.6321848827,148203.737312,148157.261111
21.5027801816,147818.700201,147657.911055
21.3741495852,147333.196013,147333.196013
21.2462884629,146876.328802,146866.415376
21.1191922115,146576.76554,146576.76554
20.9928562556,146666.87162,146576.76554
20.8672760471,146270.564009,146270.564009
20.742447065,145504.941829,145486.768552
20.6183648155,145532.458593,145458.919862
20.4950248315,145288.788854,145155.596839
20.3724226729,145040.734283,145018.771949
20.2505539259,145094.827945,145018.771949
20.1294142033,144877.570055,144877.570055
20.0089991438,144836.375996,144836.375996
19.8893044127,144873.22576,144796.098436
19.7703257008,144282.879587,144280.946854
19.652058725,144113.023358,144037.764626
19.5344992275,144139.628939,144037.764626
19.4176429761,143785.588862,143785.588862
19.3014857641,143663.787581,143657.210011
19.1860234098,143605.165007,143576.743836
19.0712517565,143381.494073,143381.494073
18.9571666723,143491.222006,143365.175845
18.8437640503,143293.851892,143293.851892
18.7310398078,142703.140123,142703.140123
18.6189898868,142355.931322,142333.415617
18.5076102534,142082.701376,142077.60991
18.396896898,142019.702197,141983.814523
18.2868458349,141692.281858,141692.281858
18.1774531022,141149.325,141149.325
18.0687147617,140929.727477,140929.727477
17.9606268989,140736.670317,140696.984687
17.8531856225,140628.96331,140552.542568
17.7463870646,140625.90074,140535.676894
17.6402273805,140538.127887,140490.778552
17.5347027484,140209.566723,140203.16738
17.4298093694,139898.490544,139898.490544
17.3255434673,139722.261018,139722.261018
17.2219012885,139438.626253,139438.626253
17.1188791018,139228.449972,139228.449972
17.0164731985,139053.837105,139047.507753
16.914679892,138839.898532,138822.71345
16.8134955175,138313.723505,138313.723505
16.7129164325,137991.783995,137991.783995
16.6129390162,137200.734792,137200.734792
16.5135596692,136897.553223,136894.80037
16.4147748139,136906.628114,136887.73982
16.3165808941,136803.964493,136802.756295
16.2189743747,136763.676186,136763.676186
16.1219517419,136622.828478,136622.828478
16.0255095028,136620.913376,136593.599251
15.9296441855,136524.967867,136474.944496
15.8343523389,135793.904033,135793.904033
15.7396305324,135862.411777,135793.904033
15.6454753559,135815.349268,135793.904033
15.55188342,135750.152304,135750.152304
15.4588513552,135487.15278,135487.15278
15.3663758124,135299.096463,135299.096463
15.2744534625,135133.927192,135133.927192
15.1830809962,135073.343457,135066.356341
15.092255124,134964.786731,134857.253711
15.0019725764,134890.381464,134857.253711
14.9122301029,134841.121117,134841.121117
14.823024473,134847.426847,134824.518893
14.7343524752,134678.313269,134678.313269
14.6462109172,134623.253797,134598.43556
14.558596626,134703.929515,134552.322105
14.4715064474,134577.008749,134552.322105
14.3849372462,134203.706207,134192.13132
14.2988859058,134107.305807,134003.63373
14.2133493284,134081.475498,134003.63373
14.1283244347,134067.486113,134003.63373
14.0438081637,133996.92207,133996.92207
13.9597974728,133916.426524,133916.426524
13.8762893376,133804.55234,133804.55234
13.7932807518,133557.267315,133557.267315
13.7107687272,133517.73325,133494.398547
13.6287502931,133491.874424,133491.874424
13.5472224971,133371.215695,133371.215695
13.4661824039,132802.905055,132802.905055
13.3856270963,132622.169444,132588.797292
13.3055536741,132566.156112,132566.156112
13.2259592547,132612.053454,132566.156112
13.1468409727,132603.164229,132566.156112
